,,,,,,,,,,,,,,,,,,,,,
,,,,,,,,,,,,,,,,,,,,,
,Genotypes,Replication,PruningBiomass,TimeofBudbrust,Timeoffullbloom,Time of verasion,ABW,BW,NOB,BD,BL,TSS,Acidity,Compaactness,Skinfirmness,Bunlen,Bunwidth,pedunclelength,Physiologicalmaturity,Seed weight ,NOS
,Aledo,R1,0.933,11,37,110,113.68,167.50,61.50,21.00,23.00,19.80,0.82,5.43,56.70,16.80,12.40,24.50,138.00,5.83,3.0
,,R2,0.891,10,40,105,113.64,188.60,56.00,20.00,24.00,18.00,0.68,5.61,45.60,15.70,11.80,20.40,140.00,4.72,2.0
,,R3,0.914,11,42,112,145.70,174.50,56.33,23.00,24.00,16.47,0.50,5.64,51.30,14.83,13.77,21.30,147.00,5.62,2.0
,Amber Sweet,R1,0.536,10,36,100,72.79,121.25,27.40,16.00,17.50,16.10,0.57,3.73,34.50,9.40,4.90,9.01,126.00,3.78,1.0
,,R2,0.498,8,38,96,85.39,143.31,23.32,15.00,17.50,19.90,0.62,3.76,41.30,8.90,5.90,13.40,120.00,4.12,2.0
,,R3,0.552,12,35,102,98.70,147.53,30.00,14.50,17.80,18.03,0.47,3.97,38.90,9.50,6.30,10.45,118.00,4.19,1.0
,Arka Hans,R1,0.473,9,33,110,390.70,118.50,70.00,14.50,15.50,21.70,0.37,4.79,51.60,14.70,2.80,22.00,143.00,5.45,2.0
,,R2,0.456,10,36,114,398.60,122.50,61.80,14.50,17.50,21.35,0.45,4.10,47.80,12.80,3.50,18.70,148.00,4.98,2.0
,,R3,0.478,9,31,118,404.83,125.50,56.00,16.30,17.60,20.70,0.49,4.19,45.60,13.60,4.80,21.60,140.00,5.23,3.0
,Armas,R1,0.238,14,38,112,166.40,98.70,59.80,14.50,16.00,17.60,0.77,5.45,48.70,12.60,5.70,18.70,150.00,4.51,1.0
,,R2,0.215,10,35,117,175.60,103.52,61.80,14.50,16.00,16.80,0.68,5.67,51.40,13.40,6.40,15.60,145.00,3.89,2.0
,,R3,0.198,11,32,115,189.90,110.17,65.00,12.30,13.50,17.53,0.55,5.23,41.70,11.80,7.10,17.40,151.00,4.21,2.0
,Banglore Purple,R1,0.463,9,39,106,375.60,175.60,80.00,18.00,21.50,17.95,0.70,5.16,71.30,12.80,1.30,26.00,140.00,6.81,3.0
,,R2,0.425,9,40,110,385.00,178.60,93.09,17.50,18.00,19.00,0.61,5.78,65.70,15.30,1.90,21.30,136.00,6.03,3.0
,,R3,0.473,8,35,112,391.30,187.50,85.60,19.90,19.20,18.00,0.52,5.13,62.30,13.40,2.80,24.70,142.00,5.89,2.0
, E-8-25,R1,0.539,13,39,118,45.26,62.60,41.50,13.00,14.00,19.80,0.41,2.02,48.30,15.80,8.70,21.00,148.00,3.22,1.0
,,R2,0.514,13,34,112,58.22,59.85,33.60,10.80,10.50,18.60,0.58,2.98,39.00,16.00,8.80,18.00,140.00,3.67,2.0
,,R3,0.498,11,31,120,67.80,64.83,34.00,12.30,12.40,17.63,0.74,2.46,42.60,14.70,7.90,22.00,142.00,3.01,2.0
,Goethe,R1,0.979,10,32,106,192.70,108.00,49.00,14.50,16.00,19.60,0.49,4.04,61.00,8.70,1.90,10.00,139.00,6.21,3.0
,,R2,0.945,9,30,112,196.90,117.13,48.83,14.50,16.00,20.30,0.61,4.32,56.80,9.90,2.30,14.00,140.00,6.57,2.0
,,R3,0.934,11,28,110,214.83,121.30,53.70,17.70,19.80,19.10,0.50,4.87,45.60,9.20,3.40,16.00,135.00,7.02,2.0
,Gulabi,R1,0.315,9,36,98,201.90,118.05,"102,3",14.50,15.50,14.95,0.53,3.15,51.70,15.40,6.30,15.00,142.00,4.78,2.0
,,R2,0.345,10,32,105,227.57,126.87,106.00,16.00,17.00,16.00,0.42,3.46,45.60,13.90,7.53,13.00,140.00,4.32,1.0
,,R3,0.367,10,34,100,249.33,131.40,102.67,16.00,18.50,18.13,0.54,3.67,42.60,16.10,8.50,16.00,138.00,4.45,1.0
,Gold,R1,2.25,10,40,110,352.10,140.80,80.70,16.00,20.90,19.50,0.56,2.67,73.00,21.20,12.10,32.00,148.00,5.09,2.0
,,R2,1.98,10,35,102,361.33,149.00,88.00,16.00,19.00,16.00,0.73,2.31,68.90,18.70,10.90,30.80,145.00,5.19,2.0
,,R3,2.05,13,31,101,373.36,158.10,87.67,16.00,19.07,19.07,0.66,2.98,61.20,18.97,12.97,28.70,140.00,5.47,1.0
,H-27,R1,0.578,9,38,114,256.70,84.85,111.50,13.50,14.00,17.60,0.88,5.96,58.00,15.30,7.40,33.00,142.00,6.48,2.0
,,R2,0.532,10,31,107,266.00,84.50,130.00,12.00,12.00,18.00,0.74,5.12,60.90,17.80,8.10,31.20,138.00,6.13,1.0
,,R3,0.581,9,34,110,283.67,109.00,127.00,12.33,12.00,16.97,0.64,5.21,51.20,16.10,9.50,29.00,135.00,6.78,1.0
,Khalili,R1,2.651,15,34,106,230.80,201.30,60.50,14.00,18.00,17.90,0.81,2.86,48.00,7.80,2.80,16.00,136.00,5.40,2.0
,,R2,2.521,13,28,100,256.52,208.32,59.85,18.00,18.50,16.40,0.69,2.98,55.60,9.10,3.50,14.60,131.00,5.12,2.0
,,R3,2.356,10,31,98,258.40,210.00,62.70,14.50,17.20,18.40,0.77,2.23,40.90,8.30,4.60,17.80,129.00,5.79,3.0
,Muscat of Alexandria,R1,0.439,9,37,104,257.37,197.80,43.70,19.50,18.20,17.10,0.90,3.86,68.70,17.80,8.80,30.70,138.00,5.28,2.0
,,R2,0.412,11,35,108,254.80,208.00,47.00,15.00,17.00,19.00,0.76,3.62,60.20,19.00,9.10,29.50,132.00,5.89,2.0
,,R3,0.398,9,31,100,282.67,216.11,49.67,16.00,17.20,16.53,0.65,3.48,56.70,16.00,9.57,32.40,129.00,5.01,1.0
,Muscat White,R1,0.827,9,41,100,121.40,60.90,68.70,15.00,16.50,21.90,0.67,8.13,66.00,16.80,12.80,26.70,130.00,4.03,2.0
,,R2,0.823,8,34,103,102.00,65.92,63.00,12.00,14.00,23.50,0.79,8.98,60.80,15.30,11.40,25.80,125.00,4.56,2.0
,,R3,0.802,9,36,106,143.00,77.40,62.67,13.67,14.63,23.97,0.70,8.24,51.20,14.00,10.40,23.10,122.00,4.89,2.0
,Pearl of Csaba,R1,0.816,10,42,102,259.53,97.80,75.60,14.50,17.50,24.50,0.74,5.40,54.30,17.20,5.90,32.00,132.00,0.00,0.0
,,R2,0.789,12,36,96,267.80,101.60,78.52,14.50,17.50,24.95,0.68,5.12,61.30,16.60,6.80,28.90,127.00,0.00,0.0
,,R3,0.91,8,32,99,280.70,106.70,79.00,15.70,19.00,23.00,0.40,5.66,50.90,18.70,7.40,33.50,123.00,0.00,0.0
,Petit Syrah,R1,0.524,9,40,106,498.70,52.70,114.50,14.50,13.00,19.60,0.59,8.49,48.90,10.20,7.80,24.60,136.00,5.67,2.0
,,R2,0.501,8,36,100,512.30,64.88,120.80,12.00,14.50,20.80,0.75,8.12,40.70,13.40,9.30,21.30,132.00,5.12,2.0
,,R3,0.492,10,38,103,521.83,70.80,110.00,11.30,13.80,20.00,0.60,8.82,37.80,12.90,8.30,19.80,129.00,4.89,1.0
,Ribier,R1,0.721,12,43,110,307.28,60.10,70.30,18.50,20.50,16.10,0.84,2.53,56.70,14.50,7.80,11.40,138.00,3.90,2.0
,,R2,0.689,13,40,107,331.40,67.50,73.00,17.00,19.00,17.80,0.71,2.78,51.30,16.80,8.00,13.40,131.00,4.07,2.0
,,R3,0.702,12,39,111,352.67,73.15,74.00,19.70,19.00,15.97,0.62,2.63,43.40,15.90,9.40,15.60,135.00,3.56,1.0
,Riesling,R1,0.453,13,39,114,266.40,170.70,47.50,17.00,18.50,18.60,0.99,2.66,51.60,18.70,8.10,16.70,140.00,5.20,1.0
,,R2,0.446,10,37,110,273.60,178.50,37.10,15.50,16.50,19.00,0.81,2.12,43.50,18.40,9.40,17.80,137.00,4.89,1.0
,,R3,0.423,9,35,108,282.60,181.50,40.80,18.30,21.20,17.80,0.63,2.78,41.10,17.10,10.10,18.90,135.00,5.34,1.0
,Rubi red,R1,0.779,14,38,108,375.60,62.54,37.00,13.00,15.00,18.40,0.79,2.25,53.20,11.50,5.70,23.00,140.00,7.80,2.0
,,R2,0.763,11,35,105,391.40,74.83,40.80,13.50,14.00,19.80,0.67,2.67,46.70,13.80,6.20,21.50,139.00,7.34,2.0
,,R3,0.745,10,32,103,401.17,79.80,48.00,14.50,15.00,18.40,0.53,2.56,42.30,12.80,7.40,20.90,134.00,7.61,1.0
,Sauvignon blanc,R1,1.013,10,36,103,310.90,67.80,67.50,11.50,12.00,21.40,0.66,5.57,59.00,8.90,4.80,13.60,145.00,5.10,1.0
,,R2,0.981,10,34,100,321.40,70.60,70.80,11.50,12.50,23.50,0.55,5.13,50.80,9.80,5.10,10.70,141.00,4.93,1.0
,,R3,1.023,9,32,98,335.15,77.50,74.90,14.20,13.50,23.00,0.50,5.78,47.80,9.50,6.10,11.70,138.00,4.65,2.0
,Seibel 9308,R1,0.758,10,36,106,258.30,85.35,71.00,12.50,14.00,17.30,0.58,3.22,25.00,8.70,4.80,12.00,140.00,7.02,3.0
,,R2,0.701,9,34,104,243.40,80.90,63.60,14.00,16.00,22.05,0.71,3.82,31.40,10.50,5.10,13.70,136.00,6.57,3.0
,,R3,0.698,10,32,102,263.40,86.50,76.80,15.00,18.60,16.90,0.50,3.45,38.90,15.00,5.70,14.10,132.00,6.78,2.0
,Semillon,R1,0.717,10,40,112,198.40,72.30,111.20,13.00,13.00,20.40,0.80,4.32,50.20,16.40,3.40,15.00,142.00,6.96,2.0
,,R2,0.689,9,38,110,178.90,79.65,120.38,14.00,16.00,17.10,0.73,4.56,41.30,14.60,4.20,15.80,138.00,6.23,2.0
,,R3,0.702,9,36,105,205.60,80.83,108.00,12.50,13.50,18.20,0.60,4.12,38.70,12.30,5.40,16.30,135.00,6.11,1.0
, SV-12309,R1,0.264,14,38,106,354.60,54.80,90.50,12.50,13.50,15.40,0.65,6.39,66.00,10.70,2.90,13.00,144.00,7.81,1.0
,,R2,0.251,10,36,103,367.80,51.50,81.37,14.50,15.00,18.80,0.87,7.14,58.90,16.40,4.20,12.80,141.00,7.14,2.0
,,R3,0.246,12,34,100,381.17,56.17,99.00,11.20,11.70,20.40,0.60,6.87,54.30,12.40,3.80,12.50,137.00,7.34,2.0
, SV-23501,R1,0.798,10,34,110,463.20,83.50,110.50,11.50,14.00,17.70,0.78,8.99,50.30,12.90,2.80,7.00,138.00,7.08,2.0
,,R2,0.781,8,31,106,478.60,88.41,110.25,11.50,11.50,15.40,0.65,8.05,48.90,13.50,3.60,8.00,135.00,6.78,2.0
,,R3,0.776,9,29,108,491.50,94.37,112.30,13.80,14.30,18.20,0.59,8.30,56.80,11.60,4.30,9.00,131.00,7.12,1.0
,Symphony,R1,0.713,9,43,106,547.90,90.60,72.50,15.50,17.00,21.60,0.76,2.77,53.60,13.50,6.40,21.00,134.00,4.79,2.0
,,R2,0.684,10,37,105,551.10,106.79,70.80,15.50,17.00,21.50,0.65,2.67,58.90,15.80,7.10,20.90,132.00,4.23,2.0
,,R3,0.654,7,40,100,577.80,122.20,68.00,16.10,16.30,19.00,0.50,2.15,39.00,12.00,8.40,19.40,127.00,4.04,1.0
,Tannat(B2-6-1),R1,0.798,14,38,108,113.53,98.70,61.20,14.50,16.50,17.90,0.88,10.15,58.00,10.20,4.90,18.00,140.00,7.97,1.0
,,R2,0.783,12,34,102,110.48,104.58,63.00,17.50,17.80,19.80,0.77,10.23,48.90,11.40,5.20,17.40,136.00,7.23,2.0
,,R3,0.734,10,31,100,112.02,110.00,65.70,16.20,16.50,20.00,0.81,10.54,56.80,9.60,6.50,16.20,132.00,7.41,2.0
,Tigvosa,R1,0.467,14,37,100,387.60,63.20,78.00,12.50,14.00,18.00,0.84,7.17,61.20,10.30,7.90,16.00,126.00,5.78,1.0
,,R2,0.451,10,34,97,409.70,65.48,86.10,11.00,13.50,19.00,0.73,7.86,58.00,9.40,6.50,14.70,121.00,5.23,2.0
,,R3,0.445,9,31,94,432.83,72.40,68.00,13.70,14.00,18.00,0.62,7.12,48.90,8.10,6.10,15.10,124.00,5.10,2.0
,Tsimlyanski Chernyi,R1,0.65,14,38,102,280.70,102.76,62.00,19.00,21.00,19.30,1.12,2.69,47.70,20.30,6.80,17.00,130.00,3.72,1.0
,,R2,0.602,12,36,100,298.70,104.09,68.90,17.00,19.00,16.40,0.98,2.21,40.90,19.20,9.00,16.30,126.00,3.12,2.0
,,R3,0.612,10,32,99,313.07,134.80,65.00,19.20,17.20,18.27,0.87,2.18,35.60,18.50,8.80,15.80,124.00,3.45,2.0
,VP X Beauty Seedless,R1,1.17,9,34,108,41.27,37.60,52.00,15.00,18.00,21.60,0.43,4.55,50.50,10.60,2.80,12.40,140.00,3.94,1.0
,,R2,1.03,10,31,105,61.78,41.20,56.65,15.00,18.00,20.80,0.66,4.12,42.30,8.90,3.60,11.80,137.00,3.56,1.0
,,R3,0.998,11,29,103,63.65,45.03,57.00,11.30,17.80,19.03,0.73,4.76,46.70,8.50,4.40,10.90,134.00,3.23,1.0
,VP X Centennial Seedless,R1,0.314,14,38,100,156.30,80.60,25.70,13.50,19.50,18.00,0.73,4.47,52.10,11.50,5.40,21.00,132.00,5.94,2.0
,,R2,0.305,10,35,98,163.91,88.70,29.96,16.50,19.50,14.80,0.64,4.78,53.40,13.80,6.70,23.40,130.00,5.23,2.0
,,R3,0.281,11,32,95,173.12,92.07,29.00,16.30,16.10,17.20,0.55,4.35,47.90,12.30,7.80,19.00,128.00,5.41,1.0
,Golden Queen,R1,0.753,13,38,100,211.30,172.00,45.60,17.00,18.90,22.45,0.67,4.14,76.60,13.90,8.90,19.00,125.00,5.18,1.0
,,R2,0.742,10,37,99,229.98,173.90,47.00,16.00,17.00,25.00,0.61,4.67,70.90,14.10,9.27,21.30,121.00,4.78,1.0
,,R3,0.721,10,36,94,233.30,182.00,47.30,16.30,16.90,23.60,0.50,4.58,67.50,14.80,10.40,20.60,119.00,5.23,2.0
,Alden,R1,2.268,11,37,106,254.30,185.08,50.30,16.90,19.00,18.20,0.78,8.80,43.60,14.60,9.70,26.00,120.00,13.70,2.0
,,R2,2.1,10,35,100,261.30,186.45,57.00,14.00,17.00,19.80,0.67,8.12,40.90,15.70,8.80,24.60,117.00,11.03,2.0
,,R3,2.045,9,34,102,273.00,176.80,57.00,15.67,17.00,17.97,0.70,8.42,37.60,12.17,10.27,25.10,113.00,10.78,2.0
,Barbarossa,R1,0.838,9,40,106,130.80,57.20,49.50,11.50,13.00,23.10,0.42,4.22,63.20,7.10,4.90,18.00,132.00,4.98,2.0
,,R2,0.827,9,37,102,148.70,61.62,45.60,14.00,16.00,21.45,0.51,4.31,58.70,11.50,6.20,17.60,127.00,4.56,2.0
,,R3,0.801,9,34,100,160.60,57.50,34.00,11.30,13.10,24.20,0.61,4.98,52.10,9.20,5.20,17.30,125.00,4.23,1.0
,Black Champa,R1,0.739,9,33,134,180.58,190.87,31.20,20.50,17.80,17.90,0.76,4.41,58.70,8.10,12.40,17.00,134.00,6.74,2.0
,,R2,0.723,10,31,131,115.64,192.70,26.78,17.00,18.00,16.00,0.66,4.12,50.80,7.50,11.40,16.80,131.00,6.13,2.0
,,R3,0.701,10,29,128,201.40,206.00,34.00,16.80,19.50,18.00,0.57,4.98,46.30,6.40,10.70,16.40,128.00,6.02,1.0
,Labrusca (FV),R1,1.219,9,33,102,310.40,81.40,54.60,16.50,19.50,18.80,0.59,8.55,40.20,14.30,6.80,17.40,125.00,6.17,2.0
,,R2,1.023,9,31,99,321.30,98.80,58.24,14.50,15.50,19.70,0.67,8.79,43.20,12.80,7.20,23.00,126.00,8.32,1.0
,,R3,0.98,10,30,97,338.50,98.33,59.67,19.30,20.30,16.33,0.70,8.23,37.80,13.30,8.40,23.50,121.00,8.01,2.0
,Bianca,R1,1.055,12,36,96,167.50,119.00,43.60,14.50,15.50,16.90,0.63,6.29,41.00,15.70,9.80,18.00,120.00,7.86,2.0
,,R2,0.841,10,34,94,131.08,123.40,36.00,12.00,12.00,18.00,0.58,6.12,34.50,17.80,10.60,19.30,118.00,7.12,2.0
,,R3,0.932,9,32,92,180.33,130.80,36.70,13.30,14.10,19.00,0.47,6.89,47.80,14.03,9.33,19.20,116.00,6.89,2.0
,Champion,R1,2.738,15,38,108,50.47,99.22,24.50,16.00,20.50,18.00,0.95,4.02,49.20,8.90,4.50,12.00,132.00,6.21,1.0
,,R2,2.652,12,35,106,46.20,101.00,26.00,15.00,18.00,19.95,0.76,4.35,45.60,10.30,5.40,11.80,128.00,5.78,2.0
,,R3,2.541,13,34,103,66.50,116.25,28.30,18.10,16.10,17.90,0.58,4.78,42.30,8.70,6.70,11.50,126.00,6.01,2.0
,Doradillo,R1,1.266,11,40,106,221.30,170.80,84.50,16.50,17.50,17.50,0.79,4.70,68.92,19.50,9.40,13.00,124.00,5.43,2.0
,,R2,1.1,11,36,100,235.40,173.99,89.00,20.00,20.00,19.00,0.64,4.34,60.30,18.80,10.63,12.30,121.00,5.12,1.0
,,R3,1.002,9,38,102,248.33,186.00,86.00,17.33,19.40,17.67,0.69,4.37,55.60,17.20,11.20,13.80,118.00,4.78,1.0
,(Gulabi X B’lore Purple),R1,0.361,9,40,106,532.60,94.30,80.50,18.50,19.00,17.90,0.64,5.55,67.30,9.80,7.80,35.00,130.00,4.65,2.0
,,R2,0.321,9,38,105,556.70,106.70,79.04,15.50,17.00,19.00,0.56,5.98,61.30,11.30,6.10,32.10,127.00,4.03,2.0
,,R3,0.301,9,37,104,586.73,113.40,71.30,16.70,18.70,18.70,0.49,5.12,54.30,10.20,6.60,31.70,124.00,3.93,2.0
,Arka Kanchan,R1,0.635,9,38,110,246.45,180.90,68.50,17.00,17.90,17.20,0.51,2.74,63.67,16.90,9.30,21.00,124.00,9.87,2.0
,,R2,0.612,10,35,107,249.90,189.40,74.00,14.00,16.00,14.00,0.64,2.12,68.90,18.20,9.97,20.50,121.00,9.35,1.0
,,R3,0.623,11,36,105,246.67,198.99,74.67,15.67,16.00,16.47,0.54,2.03,45.60,16.37,11.40,21.40,119.00,8.81,2.0
,Vermentno,R1,0.098,10,38,100,107.58,91.50,74.50,16.50,18.00,21.60,0.60,5.22,61.20,12.40,8.00,20.00,120.00,5.23,1.0
,,R2,0.096,11,34,98,145.03,103.00,60.77,12.50,13.50,22.95,0.64,5.78,41.30,16.50,7.80,19.60,116.00,5.46,2.0
,,R3,0.088,10,36,99,157.87,106.00,62.70,14.80,15.10,20.90,0.70,4.89,52.70,14.20,8.80,19.10,113.00,5.12,1.0
,Viognier,R1,0.659,9,34,96,122.57,99.80,88.70,13.00,15.00,16.60,0.78,9.18,57.70,12.50,6.30,13.00,120.00,6.22,2.0
,,R2,0.647,10,32,94,129.49,105.00,92.40,16.50,12.30,16.90,0.87,9.91,46.50,10.80,5.80,12.90,115.00,6.34,2.0
,,R3,0.634,9,30,92,159.53,105.00,91.30,13.20,10.40,19.50,0.58,9.56,42.10,13.20,5.10,12.00,117.00,6.89,2.0
,Arka Chitra,R1,1.193,9,39,106,301.30,221.50,90.80,18.50,22.00,16.60,0.96,2.37,59.33,16.90,8.70,28.70,130.00,3.85,2.0
,,R2,1.089,10,34,102,321.35,243.80,92.22,20.00,21.00,17.80,0.81,2.89,50.80,17.60,9.90,26.30,127.00,3.51,1.0
,,R3,0.945,11,32,100,329.17,247.84,91.33,17.80,20.80,16.43,0.47,3.12,47.80,18.40,9.20,24.10,125.00,3.02,2.0
,Peru white,R1,0.982,9,38,106,367.80,171.10,75.00,17.50,19.50,23.60,0.63,3.56,51.20,18.30,3.60,26.00,130.00,5.01,2.0
,,R2,0.978,9,35,105,345.30,172.17,72.30,17.50,19.50,26.30,0.51,3.87,50.30,16.80,4.20,25.40,127.00,5.78,1.0
,,R3,0.892,10,33,103,301.70,194.88,77.60,17.50,19.00,24.50,0.50,5.24,43.50,17.70,5.80,23.30,129.00,5.35,2.0
,Waltham Cross,R1,1.996,10,41,100,247.50,193.80,60.50,16.50,22.00,16.75,1.09,5.39,65.78,13.40,8.80,30.70,126.00,5.31,2.0
,,R2,1.675,11,37,102,283.30,197.60,69.00,15.00,19.00,18.60,0.92,5.23,59.00,17.40,9.63,28.90,121.00,5.93,2.0
,,R3,1.782,12,35,96,291.00,210.89,69.33,17.00,19.47,19.97,0.81,5.25,53.60,16.17,10.30,27.30,124.00,4.89,2.0
,E12/2,R1,1.644,13,32,110,68.53,150.60,49.80,13.50,15.50,21.60,0.68,2.87,42.33,10.90,6.20,22.30,135.00,6.16,1.0
,,R2,1.452,10,30,107,69.00,155.60,52.00,12.00,14.00,22.50,0.55,2.12,41.30,12.70,4.80,20.80,129.00,6.34,1.0
,,R3,1.324,9,28,113,71.60,167.01,52.00,15.00,14.00,20.97,0.73,2.87,37.80,9.50,5.40,23.60,128.00,6.92,2.0
,Red prince,R1,2.01,14,38,106,120.90,100.38,57.00,14.50,18.50,19.80,0.73,3.48,67.50,14.30,5.40,30.00,131.00,6.03,2.0
,,R2,1.895,13,35,103,132.30,113.40,68.25,14.50,16.50,22.10,0.68,3.12,62.30,12.40,6.80,28.90,126.00,5.71,2.0
,,R3,1.934,12,32,109,144.57,125.85,60.80,13.30,17.70,21.20,0.60,3.70,56.70,11.80,7.50,28.40,123.00,5.90,1.0
,Maroo Seedless,R1,0.176,11,40,106,240.00,140.50,127.50,11.00,15.00,17.80,0.79,6.05,49.00,13.50,5.50,11.00,130.00,0.00,2.0
,,R2,0.099,10,38,104,251.48,149.35,123.60,15.00,15.40,20.70,0.71,6.78,45.70,11.30,6.40,10.30,127.00,0.00,1.0
,,R3,0.123,9,37,108,282.40,154.26,120.67,14.00,13.50,19.60,0.64,6.46,41.20,12.80,7.10,9.40,125.00,0.00,2.0
,E29/3 (BC XTS),R1,0.973,8,43,100,367.80,106.40,130.50,12.00,13.50,22.90,0.70,6.87,63.24,18.70,12.70,28.00,120.00,0.00,1.0
,,R2,0.893,9,41,98,340.50,110.80,141.11,12.50,13.00,21.35,0.61,6.23,56.70,16.50,13.30,27.30,116.00,0.00,2.0
,,R3,0.812,8,38,102,358.80,115.50,150.80,14.40,17.10,20.80,0.53,6.79,51.40,17.00,14.20,26.10,113.00,0.00,1.0
,E4/15 IIHR Hybrid,R1,1.455,8,35,106,345.60,165.40,78.60,20.50,20.90,19.30,0.69,4.14,67.80,9.40,11.60,27.80,125.00,4.57,2.0
,,R2,1.32,9,33,104,358.90,171.60,70.72,20.50,22.00,16.30,0.72,4.45,61.40,7.40,12.10,25.80,121.00,4.13,2.0
,,R3,1.238,10,32,108,370.41,174.50,73.33,22.20,17.50,17.00,0.83,4.87,68.90,6.90,12.90,26.10,118.00,4.95,2.0
,Manjari Medika,R1,0.567,12,28,102,342.10,99.30,110.70,15.00,16.50,17.10,0.43,6.94,56.70,17.80,10.30,23.40,123.00,0.00,2.0
,,R2,0.531,11,29,105,367.10,116.17,107.00,15.00,15.50,19.70,0.58,6.75,63.50,15.80,11.00,20.80,120.00,0.00,1.0
,,R3,0.521,10,30,107,358.90,123.05,115.00,15.60,17.60,20.00,0.53,6.13,65.70,16.00,12.40,21.60,117.00,0.00,1.0
,Beauty Seedless,R1,0.516,8,41,90,389.70,41.30,77.80,14.50,17.50,19.55,0.61,7.50,71.23,15.90,7..8,30.00,120.00,0.00,1.0
,,R2,0.478,8,37,88,399.70,47.00,78.80,11.00,14.00,20.50,0.56,7.14,67.80,16.50,8.90,28.90,117.00,0.00,2.0
,,R3,0.492,9,34,95,410.00,60.70,80.40,11.30,11.60,21.00,0.48,7.78,63.20,15.30,9.70,27.30,122.00,0.00,1.0
,Arka Soma,R1,0.458,9,37,110,511.21,160.35,62.00,17.00,18.00,19.80,0.66,3.39,56.70,14.70,3.80,26.00,135.00,5.67,2.0
,,R2,0.412,9,35,104,520.95,174.50,60.80,18.00,18.50,20.02,0.58,3.12,51.40,13.90,4.10,24.70,131.00,5.12,2.0
,,R3,0.398,8,33,102,547.83,184.83,59.00,18.80,21.30,20.20,0.60,3.82,53.80,13.30,5.30,25.10,128.00,5.01,2.0
,Arka Shyam,R1,1.109,9,32,104,211.40,90.45,63.50,13.50,15.00,20.80,0.46,4.05,71.23,16.90,6.30,27.00,126.00,6.83,2.0
,,R2,1.021,10,29,100,245.30,85.49,82.40,13.50,15.00,21.60,0.66,5.12,68.90,18.10,7.10,26.10,123.00,6.12,2.0
,,R3,0.978,11,27,98,223.20,83.20,75.60,15.10,15.10,20.40,0.52,4.87,63.20,16.10,5.80,25.80,121.00,5.92,1.0
,Athens,R1,0.766,14,38,106,345.60,130.80,50.90,13.50,21.50,20.80,0.71,5.83,40.20,10.80,7.30,24.00,126.00,5.78,2.0
,,R2,0.745,13,36,103,367.30,136.05,59.70,16.50,21.50,21.60,0.54,5.34,36.70,12.40,8.10,23.10,121.00,5.12,2.0
,,R3,0.723,10,34,100,355.10,137.83,53.00,16.70,18.70,20.80,0.63,5.46,32.10,11.30,9.20,22.80,119.00,5.93,1.0
,Trebbiano,R1,0.436,16,41,100,389.10,65.40,158.00,9.50,12.50,19.80,0.48,3.97,52.30,14.90,6.80,17.00,128.00,7.86,2.0
,,R2,0.41,13,37,98,394.50,70.90,163.80,14.00,14.50,18.70,0.51,3.24,46.70,16.70,7.40,14.50,125.00,6.56,2.0
,,R3,0.378,11,38,95,375.40,76.80,165.00,14.70,15.50,16.63,0.57,3.54,41.00,15.60,8.30,16.80,121.00,5.23,1.0
,Gaeganega,R1,0.503,15,38,104,452.10,75.60,85.40,13.00,15.00,17.15,0.69,7.52,63.40,13.90,4.80,22.50,126.00,5.01,2.0
,,R2,0.527,12,35,100,461.30,79.04,100.88,16.00,16.50,16.00,0.73,7.26,56.80,15.60,5.00,21.90,128.00,4.78,2.0
,,R3,0.489,13,32,105,472.50,83.47,89.00,14.50,15.00,18.70,0.60,7.13,42.40,14.00,5.90,20.80,130.00,4.56,2.0
,Catawba,R1,0.954,12,38,104,75.40,90.90,56.20,14.00,15.80,23.50,0.69,5.14,59.30,10.50,5.30,20.30,126.00,6.89,2.0
,,R2,0.912,10,36,107,82.67,109.80,58.00,13.00,14.00,24.00,0.76,5.34,51.30,8.40,5.77,19.50,123.00,6.21,2.0
,,R3,0.945,9,33,101,87.62,116.00,59.33,14.00,14.00,21.00,0.67,5.67,48.90,9.63,6.30,17.90,126.00,5.95,3.0
,Charark-2,R1,0.818,9,37,100,231.40,87.90,90.50,14.50,15.50,22.60,0.96,4.53,41.40,16.00,9.00,18.00,130.00,6.71,3.0
,,R2,0.783,9,35,106,256.70,81.27,95.60,12.50,13.50,20.90,0.77,4.76,38.90,18.10,7.80,16.80,126.00,6.45,3.0
,,R3,0.745,7,31,98,241.30,82.17,102.00,14.50,16.30,23.20,0.57,5.12,32.50,15.10,8.20,16.30,124.00,6.89,2.0
,Charark-3,R1,0.232,11,36,100,278.50,70.20,110.80,14.50,14.50,21.75,0.36,5.46,53.40,12.40,7.60,22.00,130.00,6.91,2.0
,,R2,0.156,10,34,96,289.70,78.90,106.00,13.50,14.50,19.70,0.48,5.14,58.90,14.50,8.50,21.30,131.00,5.84,2.0
,,R3,0.201,9,30,106,298.80,83.17,117.00,13.80,14.53,19.80,0.61,5.87,40.90,13.90,9.10,20.40,120.00,6.21,2.0
,Rose  of Penn,R1,0.872,14,38,100,177.60,93.80,30.70,14.50,16.50,22.20,0.40,8.39,58.90,8.00,6.70,13.00,126.00,5.54,2.0
,,R2,0.812,12,30,103,187.90,99.22,34.32,14.50,16.50,21.20,0.54,8.21,50.40,7.90,5.40,12.60,123.00,5.01,3.0
,,R3,0.765,11,36,106,203.83,100.80,27.00,12.00,16.00,20.00,0.60,8.67,42.30,8.80,4.60,12.10,128.00,4.89,2.0
,Rose Ciotat,R1,0.918,14,38,106,102.45,108.75,48.50,17.00,19.00,17.60,0.64,3.57,58.70,9.60,5.80,3.00,130.00,8.21,3.0
,,R2,0.834,11,34,100,124.26,94.70,54.80,17.50,19.00,18.30,0.49,3.78,41.80,12.30,7.10,3.80,127.00,7.89,3.0
,,R3,0.812,13,32,98,136.30,99.00,68.70,17.80,17.90,18.20,0.58,2.98,38.90,10.40,6.40,4.50,125.00,8.56,3.0
,Cabernet Franc clone 312,R1,0.301,9,40,110,138.93,58.50,75.60,12.50,13.00,17.60,0.46,4.16,42.30,10.80,5.90,17.00,140.00,5.98,2.0
,,R2,0.234,10,37,106,119.84,61.70,80.25,14.00,12.60,19.30,0.56,4.65,36.50,12.10,6.70,16.30,131.00,6.45,2.0
,,R3,0.267,9,35,114,142.80,69.55,70.00,15.80,11.00,18.80,0.62,4.38,48.90,10.30,7.30,14.20,136.00,6.78,3.0
,Marquise,R1,0.582,14,34,100,155.95,107.15,65.70,14.50,16.00,19.10,0.63,5.66,51.00,17.80,8.70,31.00,130.00,0.00,0.0
,,R2,0.513,15,31,98,152.03,116.00,68.00,12.00,14.00,18.95,0.55,5.23,50.40,18.50,9.10,27.80,126.00,0.00,0.0
,,R3,0.478,14,30,104,169.70,123.30,70.80,13.50,15.80,17.80,0.59,5.87,45.60,16.40,10.60,29.40,121.00,0.00,0.0
,Cayuga White,R1,0.033,13,34,100,40.51,122.40,48.50,17.50,17.30,16.90,0.90,4.46,41.20,10.90,5.30,11.00,130.00,3.06,2.0
,,R2,0.046,12,30,107,70.73,130.81,45.32,16.00,16.50,17.80,0.87,4.13,37.80,8.10,3.80,13.60,120.00,4.78,1.0
,,R3,0.067,10,33,100,87.35,131.55,45.67,14.30,15.10,16.87,0.79,4.74,31.50,8.30,4.20,14.80,126.00,4.23,1.0
,Rosaria Bianca,R1,0.492,9,40,106,231.40,128.85,76.80,18.00,20.50,16.60,0.87,3.50,47.80,14.60,10.90,31.60,130.00,5.78,2.0
,,R2,0.435,8,37,103,242.00,119.41,69.00,19.00,23.00,17.00,0.67,3.12,56.40,11.80,9.80,29.40,121.00,5.34,2.0
,,R3,0.396,7,35,108,263.67,120.80,66.67,17.00,22.29,15.97,0.57,3.86,60.50,17.57,10.13,28.30,124.00,5.12,3.0
,Clairette,R1,0.364,14,43,110,378.30,73.05,180.70,13.50,15.00,19.00,0.62,8.04,48.90,19.20,6.90,15.00,130.00,7.92,3.0
,,R2,0.313,10,40,114,381.20,82.95,188.70,13.50,13.50,20.00,0.71,8.45,41.50,17.50,7.80,14.20,127.00,8.04,3.0
,,R3,0.278,13,38,107,365.40,87.55,191.00,15.00,14.80,18.00,0.56,8.79,40.90,18.60,8.20,13.10,132.00,7.34,3.0
, SV-12364,R1,0.505,15,32,106,350.90,50.00,51.50,11.50,11.50,22.80,0.49,2.73,57.80,15.60,5.10,18.00,138.00,6.86,2.0
,,R2,0.571,12,30,103,387.80,64.74,50.29,11.50,12.00,21.25,0.65,2.34,55.30,13.80,6.70,16.40,139.00,7.45,2.0
,,R3,0.467,13,36,101,404.00,69.50,56.80,13.50,14.30,23.40,0.63,2.71,50.20,14.80,5.70,14.20,132.00,6.23,2.0
,Candaigua,R1,0.261,9,29,104,98.70,236.50,55.50,17.00,20.00,15.80,0.71,3.84,61.20,8.70,6.70,12.00,130.00,6.06,3.0
,,R2,0.212,9,27,101,115.31,240.75,21.40,19.00,19.50,16.70,0.56,3.76,56.70,11.90,8.20,11.40,124.00,6.73,2.0
,,R3,0.189,10,30,108,138.43,248.41,24.00,18.50,19.90,17.03,0.69,3.41,49.00,5.30,7.60,10.90,121.00,5.24,2.0
, SV-18402,R1,0.709,10,33,106,514.60,85.50,65.50,12.50,13.50,17.40,0.59,3.78,65.40,11.90,5.60,5.00,130.00,5.21,2.0
,,R2,0.678,11,31,109,534.20,91.30,60.80,11.50,13.50,19.70,0.67,3.24,56.90,10.40,3.90,6.70,127.00,6.45,2.0
,,R3,0.623,12,29,102,552.17,104.20,71.30,14.30,17.80,18.50,0.60,3.65,53.40,12.60,4.40,8.30,122.00,5.89,2.0
,Leon Mellot,R1,0.632,15,34,104,35.41,36.40,50.00,11.50,12.50,18.10,0.74,9.60,58.90,5.80,2.80,3.00,128.00,2.40,2.0
,,R2,0.61,13,31,110,45.60,40.01,57.20,11.50,12.50,17.60,0.82,9.12,53.40,6.30,3.20,5.60,124.00,2.89,2.0
,,R3,0.567,11,32,103,50.47,47.85,58.33,9.40,11.10,18.23,0.68,9.22,51.20,6.50,4.70,6.10,122.00,3.45,1.0
,Muscat Petit,R1,1.081,13,38,97,216.95,60.80,110.80,15.00,16.50,19.60,0.69,8.13,67.60,20.20,9.40,28.00,130.00,0.00,0.0
,,R2,1.117,12,35,109,223.40,63.05,120.00,8.00,11.00,17.80,0.79,8.80,61.80,19.80,10.27,24.50,126.00,0.00,0.0
,,R3,0.879,10,31,113,234.67,76.00,118.33,13.00,11.67,15.97,0.85,8.43,60.90,19.10,11.40,26.10,123.00,0.00,0.0
,Rose of Peru,R1,0.572,14,34,103,33.50,79.80,88.60,14.00,18.00,17.75,0.88,3.11,54.80,10.60,3.80,13.00,130.00,7.08,2.0
,,R2,0.513,12,36,101,29.70,72.23,98.44,12.50,14.50,18.60,0.68,3.67,51.40,13.40,4.30,12.10,126.00,7.56,2.0
,,R3,0.473,10,36,100,43.78,74.00,94.70,14.20,13.70,18.60,0.81,3.89,58.90,11.90,3.40,11.50,121.00,6.84,3.0
,Greaca,R1,0.23,9,38,94,258.41,257.10,65.50,16.50,21.00,16.15,0.74,6.70,51.20,14.50,9.30,13.20,124.00,5.55,3.0
,,R2,0.289,11,35,100,286.70,251.45,64.20,20.00,22.00,14.00,0.69,5.87,48.90,19.70,9.90,15.30,119.00,4.89,2.0
,,R3,0.267,10,31,96,330.03,254.20,60.00,19.30,22.70,17.60,0.55,6.12,43.40,16.40,8.50,14.80,122.00,5.23,2.0
,Concord,R1,0.756,13,33,106,379.60,150.60,48.50,14.50,19.50,17.50,0.63,3.77,56.78,9.90,7.50,21.30,136.00,7.25,2.0
,,R2,0.734,12,30,100,389.70,157.60,41.50,12.50,17.50,19.00,0.70,3.97,52.30,12.50,6.90,18.90,132.00,7.78,2.0
,,R3,0.678,11,31,109,405.61,163.17,40.90,13.80,19.40,18.00,0.52,3.41,48.90,10.40,6.00,14.60,131.00,7.01,2.0
,Chholtu White,R1,0.262,15,32,100,401.00,160.80,58.70,16.00,17.00,25.40,0.72,4.95,41.30,9.50,5.50,16.00,128.00,3.26,1.0
,,R2,0.291,14,29,110,426.30,167.70,53.56,16.00,17.00,26.80,0.61,4.18,37.80,12.50,6.50,15.40,125.00,2.89,2.0
,,R3,0.169,10,31,102,436.87,175.37,56.00,18.00,20.20,24.00,0.50,4.67,34.50,10.10,7.20,14.30,120.00,2.34,2.0
